Name,dist_raw,days_raw,mode,status
Anushka Arun Patil ,Under 10 km,5–6 days,Bus,distance missing or not a number
Harshal Prakash Pilgar ,190,5–6 days,Auto / Cab,distance above 60 km
Chanchal Rajesh Sanap ,110km,5–6 days,Bus,distance above 60 km
Tanvi Vinod Nirbhavane ,8 km,5–6 days,Bus,duplicate name (kept first)
Kulkarni Aditya Anant ,1,5–6 days,Walking,duplicate name (kept first)
Shreya Panpaliya ,Approx 200-300 meter,5–6 days,Walking,distance missing or not a number
Shukra Sanjay Bhujbal ,Approx 200 m,5–6 days,Walking,distance missing or not a number
Abhijit Balasaheb More ,3km,3–4 days,Bus,duplicate name (kept first)
Digvijay Atul Ingale ,1,5–6 days,Walking,duplicate name (kept first)
Vyom shankarrao shelke ,300 m,5–6 days,Walking,duplicate name (kept first)
Vaibhav Yadav Sonawane,25,5–6 days,Two-wheeler,duplicate name (kept first)
Suraj Ramesh Gavit ,Home,5–6 days,Two-wheeler,distance missing or not a number
Kaveri Shelar ,7 km,5–6 days,Two-wheeler,duplicate name (kept first)
Chaitanya Kiran Gosavi ,3km,5–6 days,Two-wheeler,duplicate name (kept first)
Shreya Jadhav ,8.9,5–6 days,Bus,duplicate name (kept first)
Ishwari maheshwar shendre ,27km,5–6 days,Bus,duplicate name (kept first)
Tanaya kadam,10,5–6 days,Bus,duplicate name (kept first)
Sakshi Dilip Jadhav,I am in college hostel,5–6 days,Walking,distance missing or not a number
Shrushti sangamnere,20,5–6 days,Two-wheeler,duplicate name (kept first)
Ranveer,Home,5–6 days,Car,distance missing or not a number
Shreya,20km,5–6 days,Bus,duplicate name (kept first)
Sawant priti santosh,350,5–6 days,Walking,distance above 60 km
Om Sanjay Mahulkar ,500,5–6 days,Walking,distance above 60 km
karan bhatt,15km,5–6 days,Two-wheeler,duplicate name (kept first)
Aditi Pawar ,15 km,5–6 days,Bus,duplicate name (kept first)
Sanskruti Chavhan ,1,5–6 days,Walking,duplicate name (kept first)
Vedant Narendra Deshmukh ,I am leaving in college hostel,5–6 days,Walking,distance missing or not a number
Gauri vijay More ,7.3km,5–6 days,Two-wheeler,duplicate name (kept first)
Lalit ahire ,10 to 12 km,5–6 days,Bus,duplicate name (kept first)
Durgesh Radhesham Patil ,800 miter,5–6 days,Walking,distance above 60 km
Ayush Avinash Patil,3,5–6 days,Two-wheeler,duplicate name (kept first)
Samruddhi chaudhari ,90,5–6 days,Bus,distance above 60 km
Punya Suresh Raichura ,2.5 km,5–6 days,Two-wheeler,duplicate name (kept first)
Harshal Dilip Sutar,hostel,5–6 days,Walking,distance missing or not a number
Atharva Bhagare,10,5–6 days,Two-wheeler,duplicate name (kept first)
Aarya Narendra Jadhav ,3-4,5–6 days,Two-wheeler,duplicate name (kept first)
Darshan Pramod Torawane ,10,5–6 days,Bus,duplicate name (kept first)
Aaditya Tushar Rane ,8km,5–6 days,Bus,duplicate name (kept first)
Anushk Dilip Ramteke ,College hostel ,5–6 days,Walking,distance missing or not a number
Shivani khaire,40 km,5–6 days,Bus,duplicate name (kept first)
Dnyaneshwar Rathod ,2,5–6 days,Walking,duplicate name (kept first)
Simran Tupe ,10 km,5–6 days,Bus,duplicate name (kept first)
Shivam khairnar ,Home ,3–4 days,Two-wheeler,distance missing or not a number
Isha Nanaso Patil ,Home,5–6 days,Bus,distance missing or not a number
Om narole ,560 km,3–4 days,Walking,distance above 60 km
Adolf Hitler,827263939409287161629390 Light Years,1–2 days,Walking,distance above 60 km
Marcus Holloway ,6969696969696969696969696969696969 Light Years ,1–2 days,Walking,distance above 60 km
Shreyas Dhasade ,Hostel ,5–6 days,Walking,distance missing or not a number
Ashwath Salaskar,9km,5–6 days,Two-wheeler,duplicate name (kept first)
Aditya Ahirrao,1 km,5–6 days,Walking,duplicate name (kept first)
